{
  "project_info": {
    "project_number": "1057866204325",
    "firebase_url": "https://message-app-a0fba.firebaseio.com",
    "project_id": "message-app-a0fba",
    "storage_bucket": "message-app-a0fba.appspot.com"
  },
  "client": [
    {
      "client_info": {
        "mobilesdk_app_id": "1:1057866204325:android:d720b22f8768c2b92d394c",
        "android_client_info": {
          "package_name": "com.example.messaging"
        }
      },
      "oauth_client": [
        {
          "client_id": "1057866204325-s1cc4vruagf0kb2efb05raak4vp36ff2.apps.googleusercontent.com",
          "client_type": 3
        }
      ],
      "api_key": [
        {
          "current_key": "AIzaSyDaPkZG2SHA9eAmCejySqsnTB8NIS3oBH4"
        }
      ],
      "services": {
        "appinvite_service": {
          "other_platform_oauth_client": [
            {
              "client_id": "1057866204325-s1cc4vruagf0kb2efb05raak4vp36ff2.apps.googleusercontent.com",
              "client_type": 3
            }
          ]
        }
      }
    }
  ],
  "configuration_version": "1"
}